Text,SMD_Flags,SMD_Char,SMD_Ukn,,GTI_Flags,GTI_Char,GTI_Ukn,,DX_Flags,DX_Char,DX_Ukn,Description
[CS:],0x0001,0xC100,0x00000000,,+,+,+,,+,+,+,set font color (0-9)
[CR],0x0000,0xC10F,0x00000000,,+,+,+,,+,+,+,Color reset?
[UCS:],0x0001,0xBF00,0x00000000,,,,,,+,+,+,
[UCR],0x0000,0xBF0F,0x00000000,,,,,,+,+,+,
[CN],0x0000,0xC200,0x00000000,,+,+,+,,+,+,+,center align following text
[RT],0x0000,0xC300,0x00000000,,+,+,+,,+,+,+,right align following text
[S:],0x0001,0xC400,0x00000000,,+,+,+,,+,+,+,adjustable width space (eg [S:3] = C403)
[RTC:],0x0001,0xC500,0x00000001,,+,+,+,,+,+,+,
[HO:],0x0001,0xC500,0x00000001,,+,+,+,,+,+,+,set Horizontal offset from textbox origin
[VO:],0x0001,0xC600,0x00000001,,+,+,+,,+,+,+,set Vertical Offset from textbox origin
[HS:],0x0001,0xC400,0x00000000,,+,+,+,,+,+,+,add Horizontal spacing from previous char
[VS:],0x0001,0xFC00,0x00000000,,+,+,+,,+,+,+,add Vertical spacing from previous char
[R],0x0000,0x000A,0x00000000,,+,+,+,,+,+,+,Line Return
[RR],0x0000,0xC700,0x00000000,,+,+,+,,+,+,+,
[FT:],0x0001,0xC800,0x00000000,,+,+,+,,+,+,+,unknown font properties
[FR],0x0000,0xC808,0x00000000,,+,+,+,,+,+,+,font reset?
[FSIZE:],,,,,,,,,0x0001,0xC000,0x00000000,
[LINE:],0x0002,0xC900,0x00000001,,+,+,+,,+,+,+,horizontal line %d chars long  (LINE:0:%d)
[LS:],0x0001,0xCA00,0x00000002,,+,+,+,,+,+,0x00960002,
[LE],0x0000,0xCB00,0x00000000,,+,+,+,,+,+,+,space? (only for US version?)
[VLS:],0x0001,0xBB00,0x00000002,,+,+,+,,+,+,+,
[VLE],0x0000,0xBC00,0x00000000,,+,+,+,,+,+,+,
[H:],0x0001,0xCC00,0x00000002,,+,+,+,,+,+,+,
[PV:],0x0001,0xCD00,0x00000002,,+,+,+,,+,+,+,
[NE:],0x0001,0xCE00,0x00000002,,+,+,+,,+,+,+,
[ES],0x0000,0xB100,0x00000000,,+,+,+,,+,+,+,
[EE],0x0000,0xB101,0x00000000,,+,+,+,,+,+,+,
[ML:],0x0001,0xB300,0x00000002,,+,+,+,,+,+,+,
[IS],0x0000,0xB400,0x00000000,,+,+,+,,+,+,+,
[IE],0x0000,0xB401,0x00000000,,+,+,+,,+,+,+,
[ZEN_SPACE],,,,,,,,,0x0000,0xBA01,0x00000000,
[HAN_SPACE],,,,,,,,,0x0000,0xBA00,0x00000000,
[QTR_SPACE],,,,,,,,,0x0000,0xBA02,0x00000000,
[H_SELF:],0x0009,0xBD00,0x00000001,,+,+,+,,+,+,+,
[my_team],0x0000,0xD000,0x00600000,,+,+,0x00000000,,+,+,0x00960000,your team name
[other_team],0x0000,0xA40A,0x00480000,,,,,,+,+,0x00960000,Nothing?
[hero],0x0000,0xD100,0x00480000,,+,+,0x00000000,,+,+,0x00960000,Hero name
[partner],0x0000,0xD200,0x00480000,,+,+,0x00000000,,+,+,0x00960000,Partner name
[other_nickname],0x0000,0xA40B,0x00480000,,,,,,+,+,0x00960000,Nothing?
[explore_team],0x0000,0xA40C,0x00480000,,,,,,+,+,0x00960000,"""Expedition Society"""
[c_kind:],0x0009,0xD300,0x00480000,,+,+,0x00000000,,+,+,0x00820000,Species of numbered team member
[c_name:],0x0009,0xD400,0x00480000,,+,+,0x00000000,,+,+,0x00960000,Name of numbered team member
[c_stammer:],0x0009,0xD500,0x00100000,,+,+,0x00000000,,+,+,0x00960000,First char of name of numbered team member
[player],0x0000,0xD600,0x00480000,,+,+,0x00000000,,+,+,0x00960000,Player name (usually same as hero)
[item:],0x0009,0xD700,0x00600001,,+,+,0x00000001,,+,+,0x00C00001,Name of given item ID (w/item icon)
[item_w:],,,,,,,,,0x0009,0xAF00,0x00C00001,
[kind:],0x0009,0xD800,0x00480001,,+,+,0x00000001,,+,+,0x00820001,Species name of given PKID (in blue)
[kind_p:],,,,,,,,,0x0009,0xAA00,0x00820001,
[waza:],0x0009,0xD900,0x00600001,,+,+,0x00000001,,+,+,0x00AE0001,Name of given move ID (in green)
[sugowaza_w:],,,,,,,,,0x0009,0xAC00,0x00AE0001,
[type:],0x0009,0xDA00,0x003C0001,,+,+,0x00000001,,+,+,0x005A0001,
[category:],0x0009,0xDB00,0x00300001,,+,+,0x00000001,,+,+,0x005A0001,
[range:],0x0001,0xDC00,0x00000000,,+,+,+,,,,,
[weather:],0x0009,0xDD00,0x00600001,,+,+,0x00000001,,+,+,0x00F00001,Name of given Weather ID
[weather_a:],0x0009,0xBE00,0x00600001,,+,+,0x00000001,,+,+,0x00F00001,"As above, but lower case"
[status:],0x0009,0xDE00,0x00600001,,+,+,0x00000001,,+,+,0x00F00001,Name of given Status Condition ID
[status_a:],0x0009,0xB000,0x00600001,,+,+,0x00000001,,+,+,0x00F00001,"As above, but lower case"
[status_w:],,,,,,,,,0x0009,0xAD00,0x00F00001,
[dungeon_status_w:],,,,,,,,,0x0009,0xAE00,0x00F00001,
[ability:],0x0009,0xDF00,0x00600001,,+,+,0x00000001,,+,+,0x00960001,Name of given ability ID (in blue)
[skill:],0x0009,0xE000,0x00600001,,+,+,0x00000001,,+,+,+,Name of given Gates Team Skill ID
[tactics],0x0009,0xE100,0x00780001,,+,+,0x00000001,,+,+,0x00840001,
[dungeon:],,,,,,,,,0x0009,0xA900,0x00A00001,
[camp:],,,,,,,,,0x0009,0xAB00,0x01080001,
[place:],0x0009,0xE200,0x006C0001,,+,+,0x00000001,,+,+,0x00A00001,
[place_i_f:],0x0009,0xE200,0x00900001,,+,+,0x00000001,,+,+,0x00A00001,
[place_i_s:],0x0009,0xE200,0x00900001,,+,+,0x00000001,,+,+,0x00A00001,
[place_a_f:],0x0009,0xE200,0x006C0001,,+,+,0x00000001,,+,+,0x00A00001,
[place_a_s:],0x0009,0xE200,0x006C0001,,+,+,0x00000001,,+,+,0x00A00001,
[rank:],0x0009,0xE300,0x00800000,,+,+,0x00000000,,+,+,0x012C0000,
[value:],0x0001,0xE400,0x002C0002,,+,+,0x00000002,,+,+,+,
[value_b:],0x0001,0xFD00,0x002C0001,,+,+,0x00000001,,+,+,+,
[value_d_b:],0x0002,0xFE00,0x002C0001,,+,+,0x00000001,,+,+,+,
[value_s_b:],0x0002,0xE500,0x002C0001,,+,+,0x00000001,,+,+,+,
[value_z_b:],0x0002,0xE600,0x002C0001,,+,+,0x00000001,,+,+,+,
[value_p:],0x0001,0xB500,0x002C0002,,+,+,0x00000002,,+,+,+,
[value_p_b:],0x0001,0xB600,0x002C0001,,+,+,0x00000001,,+,+,+,
[value_p_d_b:],0x0002,0xB700,0x002C0001,,+,+,0x00000001,,+,+,+,
[value_p_s_b:],0x0002,0xB800,0x002C0001,,+,+,0x00000001,,+,+,+,
[value_p_z_b:],0x0002,0xB900,0x002C0001,,+,+,0x00000001,,+,+,+,
[value_m_p_s_b:],,,,,,,,,0x0002,0xA500,0x002C0001,
[money:],0x0001,0xE700,0x002C0002,,+,+,0x00000002,,+,+,+,Poke icon followed by number in blue (money:%d)
[my_money:],0x0001,0xE800,0x002C0002,,+,+,0x00000002,,+,+,+,
[bank:],0x0001,0xE900,0x00400002,,+,+,0x00000002,,+,+,+,
[item_bag],0x0000,0xEA00,0x00600000,,+,+,0x00000000,,+,+,+,"""Bag"""
[q_list],0x0000,0xA403,0x00800001,,,,,,+,+,+,
[q_title],0x0000,0xA400,0x006C0001,,,,,,+,+,+,
[q_text],0x0000,0xA401,0x01140001,,,,,,+,+,+,
[q_memo],0x0000,0xA402,0x01140001,,,,,,+,+,+,
[q_difficulty],0x0000,0xA405,0x00700001,,,,,,+,+,+,
[q_limit],0x0000,0xA406,0x00A80001,,,,,,+,+,+,
[q_purpose],,,,,,,,,0x0000,0xA404,0x00800001,
[k_waza],0x0000,0xA409,0x00600000,,,,,,+,+,0x00AE0000,
[face:],0x0001,0xB200,0x00000000,,+,+,+,,+,+,+,
[K],0x0000,0xEB00,0x00000000,,+,+,+,,+,+,+,inline pause
[W:],0x0001,0xEC00,0x00000001,,+,+,+,,+,+,+,
[P],0x0000,0xED00,0x00000000,,+,+,+,,+,+,+,Box break w/ sliding up text
[C],0x0000,0xEE00,0x00000000,,+,+,+,,+,+,+,box break
[FS:],0x0001,0xEF00,0x00000001,,+,+,+,,+,+,+,
[STS],0x0000,0xF000,0x00000000,,+,+,+,,+,+,+,
[STE],0x0000,0xF100,0x00000000,,+,+,+,,+,+,+,
[SE_PLAY:],0x0001,0xF200,0x00000001,,+,+,+,,+,+,+,
[ME_PLAY:],0x0001,0xF300,0x00000001,,+,+,+,,+,+,+,
[Upper_e],0x0000,0xA800,0x00000000,,0x0000,0xA000,+,,+,0xA801,+,superscript 'e'
[Upper_er],0x0000,0xA801,0x00000000,,0x0000,0xA100,+,,+,0xA802,+,superscript 'er'
[Upper_re],0x0000,0xA802,0x00000000,,0x0000,0xA200,+,,+,0xA803,+,superscript 're'
[Upper_st],0x0000,0xA803,0x00000000,,0x0000,0xA300,+,,+,0xA804,+,superscript 'st'
[Upper_nd],0x0000,0xA804,0x00000000,,0x0000,0xA400,+,,+,0xA805,+,superscript 'nd'
[Upper_rd],0x0000,0xA805,0x00000000,,0x0000,0xA500,+,,+,0xA806,+,superscript 'rd'
[Upper_th],0x0000,0xA806,0x00000000,,0x0000,0xA600,+,,+,0xA807,+,superscript 'th'
[Bracket_L],0x0000,0xA807,0x00000000,,0x0000,0xA600,+,,+,0xA808,+,
[Bracket_R],0x0000,0xA808,0x00000000,,0x0000,0xA700,+,,+,0xA809,+,
[Percent],0x0000,0xA809,0x00000000,,,,,,+,0xA80A,+,'%'
[AcutoSmallE],,,,,,,,,0x0000,0xA814,0x00000000,
[Copyright],,,,,,,,,0x0000,0xA813,0x00000000,
[GenHero:],,,,,,,,,0x0020,0xA80B,0x00B00000,
[GenPartner:],,,,,,,,,0x0020,0xA80C,0x00B00000,
[DefArt],,,,,,,,,0x0000,0xA80D,0x00360000,
[DefArtCap],,,,,,,,,0x0000,0xA80E,0x00390000,
[IndArt],,,,,,,,,0x0000,0xA80F,0x00360000,
[IndArtCap],,,,,,,,,0x0000,0xA810,0x00390000,
[ForceSingular],,,,,,,,,0x0000,0xA811,0x00000000,
[ForcePlural],,,,,,,,,0x0000,0xA812,0x00000000,
[SEP_NONE],,,,,,,,,0x0000,0xA815,0x00000000,
[SEP_COMMA],,,,,,,,,0x0000,0xA816,0x00000000,
[SEP_PERIOD],,,,,,,,,0x0000,0xA817,0x00000000,
[SEP_HALF_SPACE],,,,,,,,,0x0000,0xA818,0x00000000,
[SEP_QUARTER_SPACE],,,,,,,,,0x0000,0xA819,0x00000000,
[SEP_END],,,,,,,,,0x0000,0xA81A,0x00000000,
[item_b:],0x0001,0xF400,0x00600001,,+,+,0x00000001,,+,+,0x00C00001,
[pokemon_b:],0x0001,0xF600,0x00480001,,+,+,0x00000001,,+,+,0x00960001,
[damage_b:],0x0001,0xF700,0x00200001,,+,+,0x00000001,,+,+,+,
[IB:],0x0001,0xF500,0x00600001,,+,+,0x00000001,,+,+,0x00C00001,
[IB16:],0x0001,0xF500,0x00680001,,,,,,+,+,0x00C00001,
[PB:],0x0001,0xF600,0x00480001,,+,+,0x00000001,,+,+,0x00960001,
[PB16:],0x0001,0xF600,0x00500001,,,,,,+,+,0x00960001,
[NCPB:],0x0001,0xA700,0x00500001,,,,,,+,+,0x00960001,
[DB:],0x0001,0xF700,0x00200001,,+,+,0x00000001,,+,+,+,
[q_char:],0x0001,0xA200,0x00480001,,,,,,+,+,0x00960001,
[q_item:],0x0001,0xA300,0x00600001,,,,,,+,+,0x00800001,
[q_money],0x0000,0xA408,0x002C0001,,,,,,+,+,+,
[string:],0x0001,0xF800,0x00000001,,+,+,+,,+,+,+,
[st_value:],0x0001,0xF800,0x00000001,,+,+,+,,+,+,0x00F00001,
[st_kind:],0x0001,0xF800,0x00480001,,+,+,0x00000001,,+,+,0x00820001,
[st_waza:],0x0001,0xF800,0x00600001,,+,+,0x00000001,,+,+,0x00AE0001,
[st_waza16:],0x0001,0xF800,0x00680001,,,,,,+,+,0x00EB0001,
[st_type:],0x0001,0xF800,0x003C0001,,+,+,0x00000001,,+,+,0x005A0001,
[st_status:],0x0001,0xF800,0x00800001,,+,+,0x00000001,,+,+,0x00F00001,
[st_status_a:],0x0001,0xF800,0x00600001,,+,+,0x00000001,,+,+,0x00F00001,
[st_ability:],0x0001,0xF800,0x00600001,,+,+,0x00000001,,+,+,0x00960001,
[st_sugowaza:],,,,,,,,,0x0001,0xF800,0x00EB0001,
[st_skill:],0x0001,0xF800,0x00900001,,+,+,0x00000001,,+,+,+,
[st_dungeon:],0x0001,0xF800,0x00900001,,+,+,0x00000001,,+,0xA600,0x00F00001,
[st_dungeon_n:],0x0001,0xF800,0x00900001,,+,+,0x00000001,,+,0xA600,0x00F00001,
[st_dungeon_i_f:],0x0001,0xF800,0x00900001,,+,+,0x00000001,,+,0xA600,0x00F00001,
[st_dungeon_i_s:],0x0001,0xF800,0x00900001,,+,+,0x00000001,,+,0xA600,0x00F00001,
[st_dungeon_a_f:],0x0001,0xF800,0x006C0001,,+,+,0x00000001,,+,0xA600,0x00F00001,
[st_dungeon_a_s:],0x0001,0xF800,0x006C0001,,+,+,0x00000001,,+,0xA600,0x00F00001,
[st_dungeon_n_i_f:],0x0001,0xF800,0x00900001,,+,+,0x00000001,,+,0xA600,0x00F00001,
[st_dungeon_n_i_s:],0x0001,0xF800,0x00900001,,+,+,0x00000001,,+,0xA600,0x00F00001,
[st_dungeon_n_a_f:],0x0001,0xF800,0x006C0001,,+,+,0x00000001,,+,0xA600,0x00F00001,
[st_dungeon_n_a_s:],0x0001,0xF800,0x006C0001,,+,+,0x00000001,,+,0xA600,0x00F00001,
[st_rank:],0x0001,0xF800,0x00800001,,+,+,0x00000001,,+,+,0x012C0001,
[st_floor:],0x0001,0xF800,0x00280001,,+,+,0x00000001,,+,+,+,
[st_money:],0x0001,0xF800,0x002C0001,,+,+,0x00000001,,+,+,+,
[st_my_money:],0x0001,0xF800,0x002C0001,,+,+,0x00000001,,+,+,+,
[st_money_ni:],,,,,,,,,0x0001,0xF800,0x002C0001,
[st_my_money_ni:],,,,,,,,,0x0001,0xF800,0x002C0001,
[st_bank:],0x0001,0xF800,0x00400001,,+,+,0x00000001,,+,+,+,
[st_shop_price:],0x0001,0xF800,0x00340001,,+,+,0x00000001,,+,+,+,
[st_world_icon:],0x0001,0xF800,0x00100001,,,,,,+,+,+,
[st_world_continent:],0x0001,0xF800,0x00600001,,,,,,+,+,+,
[st_world_place:],0x0001,0xF800,0x00900001,,,,,,+,+,+,
[st_world_area:],0x0001,0xF800,0x00900001,,,,,,+,+,+,
[st_ticket:],0x0001,0xF800,0x00600001,,,,,,+,+,+,
[st_inn:],0x0001,0xF800,0x00600001,,,,,,+,+,+,
[st_music:],0x0001,0xF800,0x00D00001,,,,,,+,+,+,
[st_team:],0x0001,0xF800,0x00600001,,,,,,+,+,+,
[st_rare_series:],0x0001,0xF800,0x00800001,,,,,,+,+,+,
[st_rare_akashi:],0x0001,0xF800,0x00900001,,,,,,+,+,+,
[st_category:],,,,,,,,,0x0001,0xF800,0x00600001,
[st_waza_attribute:],,,,,,,,,0x0001,0xF800,0x00600001,
[st_waza_range:],,,,,,,,,0x0001,0xF800,0x00600001,
[st_waza_target:],,,,,,,,,0x0001,0xF800,0x00600001,
[st_technique:],,,,,,,,,0x0001,0xF800,0x00600001,
[st_weather:],,,,,,,,,0x0001,0xF800,0x00F00001,
[st_camp:],,,,,,,,,0x0001,0xF800,0x01080001,
[st_quest_message:],,,,,,,,,0x0001,0xF800,0x01A40001,
[st_tutorial_name:],,,,,,,,,0x0001,0xF800,0x00600001,
[st_parameter:],,,,,,,,,0x0001,0xF800,0x00600001,
[st_debug:],,,,,,,,,0x0001,0xF800,0x01000001,
[M:APPLE2],0x0000,0xA0A2,0x00100000,,,,,,+,+,+,Apple Icon
[M:AT],0x0000,0xA08D,0x00100000,,,,,,+,+,+,white '!' in red circle with dark outline 
[M:B01],0x0000,0xA08A,0x00180000,,0x0000,0xC0AE,0x00000000,,+,+,0x00100000,Select Button
[M:B02],0x0000,0xA08B,0x00180000,,0x0000,0xC0AF,0x00000000,,+,+,0x00100000,Start Button
[M:B03],0x0000,0xA09D,0x00100000,,0x0000,0xC0B2,0x00000000,,+,+,+,X Button
[M:B04],0x0000,0xA09E,0x00100000,,0x0000,0xC0B3,0x00000000,,+,+,+,Y Button
[M:B05],0x0000,0xA09B,0x00100000,,0x0000,0xC0B0,0x00000000,,+,+,+,A Button
[M:B06],0x0000,0xA09C,0x00100000,,0x0000,0xC0B1,0x00000000,,+,+,+,B Button
[M:B07],0x0000,0xA0A0,0x00100000,,0x0000,0xC0B5,0x00000000,,+,+,+,R Button
[M:B08],0x0000,0xA09F,0x00100000,,0x0000,0xC0B4,0x00000000,,+,+,+,L Button
[M:B09],0x0000,0xA0BB,0x00100000,,0x0000,0xC0BD,0x00000000,,+,+,+,D-pad
[M:B10],0x0000,0xA0BC,0x00100000,,0x0000,0xC0BE,0x00000000,,+,+,+,D-pad U/D
[M:B11],0x0000,0xA0BD,0x00100000,,0x0000,0xC0BF,0x00000000,,+,+,+,D-pad L/R
[M:B12],0x0000,0xA0AB,0x00100000,,0x0000,0xC0B6,0x00000000,,+,+,+,Circle-Pad
[M:B13],0x0000,0xA0AC,0x00100000,,0x0000,0xC0B7,0x00000000,,+,+,+,Circle-Pad U/D
[M:B14],0x0000,0xA0AD,0x00100000,,0x0000,0xC0B8,0x00000000,,+,+,+,Circle-Pad L/R
[M:B15],0x0000,0xA0BE,0x00100000,,0x0000,0xC0C0,0x00000000,,+,+,+,D-pad U
[M:B16],0x0000,0xA0BF,0x00100000,,0x0000,0xC0C1,0x00000000,,+,+,+,D-pad D
[M:B17],0x0000,0xA0C0,0x00100000,,0x0000,0xC0C2,0x00000000,,+,+,+,D-pad L
[M:B18],0x0000,0xA0C1,0x00100000,,0x0000,0xC0C3,0x00000000,,+,+,+,D-pad R
[M:B19],0x0000,0xA0AE,0x00100000,,0x0000,0xC0B9,0x00000000,,+,+,+,Circle-Pad U
[M:B20],0x0000,0xA0AF,0x00100000,,0x0000,0xC0BA,0x00000000,,+,+,+,Circle-Pad D
[M:B21],0x0000,0xA0B0,0x00100000,,0x0000,0xC0BB,0x00000000,,+,+,+,Circle-Pad L
[M:B22],0x0000,0xA0B1,0x00100000,,0x0000,0xC0BC,0x00000000,,+,+,+,Circle-Pad R
[M:B23],,,,,0x0000,0xC0C4,0x00000000,,,,,
[M:B24],0x0000,0xA0B2,0x00100000,,0x0000,0xC0C5,0x00000000,,+,+,+,Home Button
[M:B25],0x0000,0xA0D1,0x00100000,,,,,,+,0xA0CC,+,stylus on screen 
[M:B26],,,,,,,,,0x0000,0xA0CD,0x00100000,
[M:B27],,,,,,,,,0x0000,0xA0CE,0x00100000,
[M:B28],,,,,,,,,0x0000,0xA0CF,0x00100000,
[M:B29],,,,,,,,,0x0000,0xA0D0,0x00100000,
[M:B30],,,,,,,,,0x0000,0xA0D1,0x00100000,
[M:B31],,,,,,,,,0x0000,0xA0D2,0x00100000,
[M:B32],,,,,,,,,0x0000,0xA0DA,0x00100000,
[M:B33],,,,,,,,,0x0000,0xA0DB,0x00100000,
[M:B34],,,,,,,,,0x0000,0xA0DC,0x00100000,
[M:B35],,,,,,,,,0x0000,0xA0DD,0x00100000,
[M:B36],,,,,,,,,0x0000,0xA0DE,0x00100000,
[M:B37],,,,,,,,,0x0000,0xA0DF,0x00100000,
[M:BAGS],0x0000,0xA075,0x00100000,,0x0000,0xC073,0x00000000,,+,+,+,bag icon
[M:BOX],0x0000,0xA076,0x00100000,,0x0000,0xC074,0x00000000,,+,+,+,idfk (Supposed to be deposit box?)
[M:CM00],0x0000,0xA08F,0x00080000,,0x0000,0xC081,0x00000000,,+,+,+,blue check icon
[M:CM01],0x0000,0xA091,0x00080000,,0x0000,0xC083,0x00000000,,+,+,+,red 'x' icon
[M:CM02],0x0000,0xA092,0x00080000,,0x0000,0xC084,0x00000000,,+,+,+,combo of above
[M:CONTI01],0x0000,0xA060,0x00100000,,,,,,+,+,+,Continent Icon 1
[M:CONTI02],0x0000,0xA061,0x00100000,,,,,,+,+,+,Continent Icon 2
[M:CONTI03],0x0000,0xA05F,0x00100000,,,,,,+,+,+,Continent Icon 3
[M:CONTI04],0x0000,0xA04E,0x00100000,,,,,,+,+,+,Continent Icon 4
[M:CONTI05],0x0000,0xA05E,0x00100000,,,,,,+,+,+,Continent Icon 5
[M:CONTI06],0x0000,0xA04F,0x00100000,,,,,,+,+,+,Continent Icon 6
[M:CONG],,,,,0x0000,0xC0CF,0x00000000,,,,,
[M:CONH],,,,,0x0000,0xC0D0,0x00000000,,,,,
[M:CUD],0x0000,0xA0D5,0x00100000,,0x0000,0xC0D2,0x00000000,,+,+,+,Down Blue Arrow
[M:CUL],0x0000,0xA0D6,0x00080000,,0x0000,0xC0D3,0x00000000,,+,+,+,Left Blue Arrow
[M:CUR],0x0000,0xA0D7,0x00080000,,0x0000,0xC0D4,0x00000000,,+,+,+,Right Blue Arrow
[M:CUU],0x0000,0xA0D4,0x00100000,,0x0000,0xC0D1,0x00000000,,+,+,+,Up Blue Arrow
[M:DEBUG],0x0000,0xA10D,0x00100000,,+,+,+,,+,+,+,red Japanese char in yellow block
[M:DLCD],0x0000,0xA109,0x00100000,,+,+,+,,+,+,+,red corner cut icon
[M:DLCI],0x0000,0xA07F,0x00100000,,+,+,+,,+,+,+,big blue '?'
[M:EPAUSE],0x0000,0xA0D3,0x00100000,,,,,,+,+,+,audio pause symbol
[M:EPLAY],0x0000,0xA0D2,0x00100000,,,,,,,,,audio play symbol
[M:EREC],0x0000,0xA01A,0x00100000,,,,,,+,+,+,Red Record Symbol
[M:FAVORITEA],0x0000,0xA07C,0x00100000,,,,,,+,+,+,amber circle in white ring
[M:FORBID],0x0000,0xA07B,0x00100000,,,,,,+,+,+,slightly darker red 'x' icon
[M:HELPER],0x0000,0xA06D,0x00100000,,,,,,+,+,+,light orange plus in orange circle
[M:DOWN],,,,,0x0000,0xC07A,0x00000000,,,,,
[M:F01],,,,,0x0000,0xC0F4,0x00000000,,,,,
[M:F02],,,,,0x0000,0xC0F5,0x00000000,,,,,
[M:F03],,,,,0x0000,0xC0F6,0x00000000,,,,,
[M:F04],,,,,0x0000,0xC0F7,0x00000000,,,,,
[M:F05],,,,,0x0000,0xC0F8,0x00000000,,,,,
[M:HKSTONE],,,,,0x0000,0xC0FC,0x00000000,,,,,
[M:I0101],0x0000,0xA03A,0x00100000,,0x0000,0xC041,0x00000000,,+,+,+,blue looplet
[M:I0101_E],0x0000,0xA115,0x00100000,,,,,,+,+,+,blue looplet with gold star
[M:I0101_R],0x0000,0xA110,0x00100000,,,,,,+,+,+,blue looplet with orange outline
[M:I0101_R_E],0x0000,0xA11A,0x00100000,,,,,,+,+,+,blue looplet with orange outline and gold star
[M:I0102],0x0000,0xA03C,0x00100000,,0x0000,0xC043,0x00000000,,+,+,+,rainbow looplet
[M:I0102_E],0x0000,0xA117,0x00100000,,,,,,+,+,+,rainbow looplet with gold star
[M:I0102_R],0x0000,0xA112,0x00100000,,,,,,+,+,+,rainbow looplet with orange outline
[M:I0102_R_E],0x0000,0xA11C,0x00100000,,,,,,+,+,+,rainbow looplet with orange outline and gold star
[M:I0103],,,,,0x0000,0xC044,0x00000000,,,,,
[M:I0104],0x0000,0xA03B,0x00100000,,0x0000,0xC042,0x00000000,,+,+,+,gold looplet
[M:I0104_E],0x0000,0xA116,0x00100000,,,,,,+,+,+,gold looplet with gold star
[M:I0104_R],0x0000,0xA111,0x00100000,,,,,,+,+,+,gold looplet with orange outline
[M:I0104_R_E],0x0000,0xA11B,0x00100000,,,,,,+,+,+,gold looplet with orange outline and gold star
[M:I0201],0x0000,0xA022,0x00100000,,0x0000,0xC021,0x00000000,,+,+,+,stick
[M:I0202],0x0000,0xA023,0x00100000,,0x0000,0xC022,0x00000000,,+,+,+,iron spike
[M:I0203],0x0000,0xA024,0x00100000,,0x0000,0xC023,0x00000000,,+,+,+,silver spike
[M:I0301],0x0000,0xA020,0x00100000,,0x0000,0xC01F,0x00000000,,+,+,+,gray rock
[M:I0302],0x0000,0xA021,0x00100000,,0x0000,0xC020,0x00000000,,+,+,+,brown rock
[M:I0401],0x0000,0xA010,0x00100000,,0x0000,0xC00F,0x00000000,,+,+,+,Seed
[M:I0402],0x0000,0xA001,0x00100000,,0x0000,0xC001,0x00000000,,+,+,+,Oran berry
[M:I0403],0x0000,0xA002,0x00100000,,0x0000,0xC002,0x00000000,,+,+,+,Rawst berry (blue strawberry)
[M:I0404],0x0000,0xA003,0x00100000,,0x0000,0xC003,0x00000000,,+,+,+,Pecha berry (upside down strawberry)
[M:I0405],0x0000,0xA004,0x00100000,,0x0000,0xC004,0x00000000,,+,+,+,Cheri berry
[M:I0406],0x0000,0xA005,0x00100000,,0x0000,0xC005,0x00000000,,+,+,+,Chesto Berry
[M:I0501],0x0000,0xA011,0x00100000,,0x0000,0xC010,0x00000000,,+,+,+,orb
[M:I0601],0x0000,0xA012,0x00100000,,0x0000,0xC011,0x00000000,,+,+,+,yellow heart
[M:I0701],0x0000,0xA04A,0x00100000,,0x0000,0xC014,0x00000000,,+,+,+,hawlucha token
[M:I0702],0x0000,0xA015,0x00100000,,0x0000,0xC018,0x00000000,,+,+,+,Little blue box (Link box?)
[M:I0703],,,,,0x0000,0xC019,0x00000000,,,,,
[M:I0704],,,,,0x0000,0xC01A,0x00000000,,,,,
[M:I0705],,,,,0x0000,0xC017,0x00000000,,,,,
[M:I0801],0x0000,0xA006,0x00100000,,0x0000,0xC006,0x00000000,,+,+,+,Sitrus Berry
[M:I0802],0x0000,0xA008,0x00100000,,0x0000,0xC007,0x00000000,,+,+,+,Max Elixir
[M:I0803],0x0000,0xA009,0x00100000,,0x0000,0xC008,0x00000000,,+,0xA00A,+,Yellow Potion
[M:I0804],0x0000,0xA00A,0x00100000,,0x0000,0xC009,0x00000000,,+,0xA009,+,Red Potion
[M:I0805],0x0000,0xA00B,0x00100000,,0x0000,0xC00A,0x00000000,,+,+,+,Light Blue Potion
[M:I0806],0x0000,0xA00C,0x00100000,,0x0000,0xC00B,0x00000000,,+,+,+,Blue Potion
[M:I0807],0x0000,0xA018,0x00100000,,,,,,+,+,+,Elixir
[M:I0808],0x0000,0xA019,0x00100000,,,,,,+,+,+,Gold Elixir
[M:I0809],0x0000,0xA03E,0x00100000,,,,,,+,+,+,Green Big Elixir
[M:I0810],0x0000,0xA03F,0x00100000,,,,,,+,+,+,Blue Big Elixir
[M:I0811],0x0000,0xA040,0x00100000,,,,,,+,+,+,Red Big Elixir
[M:I1001P],0x0000,0xA037,0x00100000,,,,,,+,+,+,gray looplet
[M:I1001P_E],0x0000,0xA113,0x00100000,,,,,,+,+,+,gray looplet with gold star
[M:I1001P_R],0x0000,0xA10E,0x00100000,,,,,,+,+,+,gray looplet with orange outline
[M:I1001P_R_E],0x0000,0xA118,0x00100000,,,,,,+,+,+,gray looplet with orange outline and gold star
[M:I1001R],0x0000,0xA034,0x00100000,,,,,,+,+,+,aqua crown
[M:I1001S],0x0000,0xA038,0x00100000,,,,,,+,+,+,aqua looplet
[M:I1001S_E],0x0000,0xA114,0x00100000,,,,,,+,+,+,aqua looplet with gold star
[M:I1001S_R],0x0000,0xA10F,0x00100000,,,,,,+,+,+,aqua looplet with orange outline
[M:I1001S_R_E],0x0000,0xA119,0x00100000,,,,,,+,+,+,aqua looplet with orange outline and gold star
[M:I1001V],0x0000,0xA036,0x00100000,,,,,,+,+,+,blue emera
[M:I1001Y],0x0000,0xA035,0x00100000,,,,,,+,+,+,rainbow emera
[M:I1001],0x0000,0xA016,0x00100000,,0x0000,0xC01E,0x00000000,,+,+,+,Apple (Gold)
[M:I1002],0x0000,0xA027,0x00100000,,0x0000,0xC027,0x00000000,,+,+,+,sparkle cookie or odd face
[M:I1003],0x0000,0xA028,0x00100000,,0x0000,0xC028,0x00000000,,+,+,+,orange dot (normal effectiveness)
[M:I1004],0x0000,0xA029,0x00100000,,0x0000,0xC029,0x00000000,,+,+,+,blue down arrow (not effective)
[M:I1005],0x0000,0xA02B,0x00100000,,0x0000,0xC02B,0x00000000,,+,+,+,Save Gadget
[M:I1006],0x0000,0xA02C,0x00100000,,0x0000,0xC02C,0x00000000,,+,+,+,Save Gadget (Gold)
[M:I1007],,,,,0x0000,0xC02D,0x00000000,,,,,
[M:I1008],,,,,0x0000,0xC02E,0x00000000,,,,,
[M:I1009],,,,,0x0000,0xC02F,0x00000000,,,,,
[M:I1010],0x0000,0xA025,0x00100000,,0x0000,0xC024,0x00000000,,+,+,+,gray/purple heart
[M:I1011],0x0000,0xA026,0x00100000,,0x0000,0xC025,0x00000000,,+,+,+,black/blue heart
[M:I1012],0x0000,0xA02A,0x00100000,,0x0000,0xC02A,0x00000000,,+,+,+,Purple potion
[M:I1013],0x0000,0xA05B,0x00100000,,0x0000,0xC026,0x00000000,,+,+,+,pink heart
[M:I1201],0x0000,0xA00D,0x00100000,,0x0000,0xC00C,0x00000000,,+,+,+,Red chest
[M:I1202],0x0000,0xA00E,0x00100000,,0x0000,0xC00D,0x00000000,,+,+,+,Blue chest
[M:I1203],0x0000,0xA00F,0x00100000,,0x0000,0xC00E,0x00000000,,+,+,+,brown/gray chest
[M:I1301],0x0000,0xA01C,0x00100000,,0x0000,0xC01B,0x00000000,,+,+,+,disk (TM)
[M:I1301_R],0x0000,0xA11E,0x00100000,,,,,,+,+,+,disk with rainbow outline
[M:I1302],0x0000,0xA01D,0x00100000,,0x0000,0xC01C,0x00000000,,+,+,+,gray disk
[M:I1302_R],0x0000,0xA11F,0x00100000,,,,,,+,+,+,gray disk with rainbow outline
[M:I1303],0x0000,0xA01E,0x00100000,,0x0000,0xC01D,0x00000000,,+,+,+,gold disk
[M:I1303_R],0x0000,0xA120,0x00100000,,,,,,+,+,+,gold disk with rainbow outline
[M:I1304],0x0000,0xA01B,0x00100000,,,,,,+,+,+,question mark block
[M:I1305],0x0000,0xA01F,0x00100000,,,,,,+,+,+,closed letter
[M:I1306],0x0000,0xA0FF,0x00100000,,,,,,+,+,+,opened letter
[M:I1307],0x0000,0xA100,0x00100000,,,,,,+,+,+,closed letter with sack
[M:I1308],0x0000,0xA101,0x00100000,,,,,,+,+,+,opened letter with sack
[M:I1402],0x0000,0xA041,0x00100000,,0x0000,0xC045,0x00000000,,+,+,+,yellow key
[M:I1403],,,,,0x0000,0xC046,0x00000000,,,,,
[M:I1404],,,,,0x0000,0xC047,0x00000000,,,,,
[M:I1405],,,,,0x0000,0xC048,0x00000000,,,,,
[M:I1501],0x0000,0xA013,0x00100000,,0x0000,0xC012,0x00000000,,+,+,+,Apple (fresh/sparkle)
[M:I1502],0x0000,0xA014,0x00100000,,0x0000,0xC013,0x00000000,,+,+,+,Grimy Food
[M:I1601],,,,,0x0000,0xC015,0x00000000,,,,,
[M:I1602],0x0000,0xA078,0x00100000,,0x0000,0xC076,0x00000000,,+,+,+,pink square dungeon tile
[M:I1603],0x0000,0xA077,0x00100000,,0x0000,0xC075,0x00000000,,+,+,+,green circle dungeon tile 
[M:ICHO1],0x0000,0xA039,0x00100000,,,,,,+,+,+,chocolate bar (dirt brick?)
[M:ICOO1],0x0000,0xA049,0x00100000,,,,,,+,+,+,four leaf cookie
[M:IDENSHI],0x0000,0xA032,0x00100000,,,,,,+,+,+,rainbow squiggle
[M:IDL01],,,,,0x0000,0xC030,0x00000000,,,,,
[M:IDL02],,,,,0x0000,0xC031,0x00000000,,,,,
[M:IDL03],,,,,0x0000,0xC032,0x00000000,,,,,
[M:IDL04],,,,,0x0000,0xC033,0x00000000,,,,,
[M:IDL05],,,,,0x0000,0xC034,0x00000000,,,,,
[M:IDL06],,,,,0x0000,0xC035,0x00000000,,,,,
[M:IDL07],,,,,0x0000,0xC036,0x00000000,,,,,
[M:IDL08],,,,,0x0000,0xC037,0x00000000,,,,,
[M:IDL09],,,,,0x0000,0xC038,0x00000000,,,,,
[M:IDL10],,,,,0x0000,0xC039,0x00000000,,,,,
[M:IDL11],,,,,0x0000,0xC03A,0x00000000,,,,,
[M:IDL12],,,,,0x0000,0xC03B,0x00000000,,,,,
[M:IDL13],,,,,0x0000,0xC03C,0x00000000,,,,,
[M:IDL14],,,,,0x0000,0xC03D,0x00000000,,,,,
[M:IDL15],,,,,0x0000,0xC03E,0x00000000,,,,,
[M:IDL16],,,,,0x0000,0xC03F,0x00000000,,,,,
[M:IDL17],,,,,0x0000,0xC040,0x00000000,,,,,
[M:IDL21],0x0000,0xA04B,0x00100000,,0x0000,0xC049,0x00000000,,+,+,+,pink ticket
[M:IDL22],0x0000,0xA04C,0x00100000,,0x0000,0xC04A,0x00000000,,+,+,+,gray ticket
[M:IDL23],0x0000,0xA04D,0x00100000,,0x0000,0xC04B,0x00000000,,+,+,+,donut
[M:IDL23_E],0x0000,0xA11D,0x00100000,,,,,,+,+,+,donut with gold star
[M:IDL31],,,,,0x0000,0xC04C,0x00000000,,,,,
[M:IDL32],,,,,0x0000,0xC04D,0x00000000,,,,,
[M:IDL33],,,,,0x0000,0xC04E,0x00000000,,,,,
[M:IDL34],,,,,0x0000,0xC04F,0x00000000,,,,,
[M:IDL35],0x0000,0xA06B,0x00100000,,0x0000,0xC050,0x00000000,,+,+,+,royal crown
[M:IDL41],0x0000,0xA0DE,0x00100000,,0x0000,0xC051,0x00000000,,,,,Gold Seed
[M:IDL51],0x0000,0xA0DF,0x00100000,,0x0000,0xC053,0x00000000,,,,,Gold Rock
[M:IDL61],0x0000,0xA0E0,0x00100000,,0x0000,0xC052,0x00000000,,+,+,+,Gold Stick
[M:IDL71],,,,,0x0000,0xC054,0x00000000,,,,,
[M:INFINITY12],,,,,0x0000,0xC066,0x00000000,,,,,
[M:INFINITY16],,,,,0x0000,0xC067,0x00000000,,,,,
[M:INGOT],0x0000,0xA074,0x00100000,,0x0000,0xC072,0x00000000,,,,,gold bars
[M:IWAND],0x0000,0xA03D,0x00100000,,,,,,+,+,+,wand
[M:KARI],0x0000,0xA10B,0x00100000,,0x0000,0xC0FD,0x00000000,,+,+,+,red Japanese char in yellow block
[M:KUBOMI],0x0000,0xA108,0x00100000,,,,,,+,+,+,black/blue water drop
[M:LOCK],0x0000,0xA07A,0x00100000,,0x0000,0xC078,0x00000000,,+,+,+,yellow padlock
[M:LOOPOFF],0x0000,0xA05C,0x00100000,,,,,,+,+,+,audio player loop w/ small 1
[M:LOOPON],0x0000,0xA05D,0x00100000,,,,,,+,+,+,audio player loop
[M:MONEYS],0x0000,0xA073,0x00100000,,0x0000,0xC071,0x00000000,,+,+,+,
[M:MONEY],0x0000,0xA072,0x00100000,,0x0000,0xC070,0x00000000,,+,+,+,Coin (Poke)
[M:MUSICS],0x0000,0xA017,0x00100000,,0x0000,0xC016,0x00000000,,+,+,+,Magenta Music Note
[M:MYCHARA],0x0000,0xA0D0,0x00100000,,0x0000,0xC0CE,0x00000000,,,,,2x space
[M:NBK1],0x0000,0xA0FA,0x00080000,,0x0000,0xC0F0,0x00000000,,+,+,+,red progress bar start
[M:NBK2],0x0000,0xA0FB,0x00080000,,0x0000,0xC0F1,0x00000000,,+,+,+,red progress bar center
[M:NBK3],0x0000,0xA0FC,0x00080000,,0x0000,0xC0F2,0x00000000,,+,+,+,red progress bar end
[M:NBK4],0x0000,0xA0FD,0x00040000,,0x0000,0xC0F3,0x00000000,,+,+,+,red progress bar center small
[M:NBKG1],0x0000,0xA02E,0x00080000,,,,,,+,+,+,orange progress bar left
[M:NBKG2],0x0000,0xA02F,0x00080000,,,,,,+,+,+,orange progress bar center
[M:NBKG3],0x0000,0xA030,0x00080000,,,,,,+,+,+,orange progress bar right
[M:NBKG4],0x0000,0xA031,0x00040000,,,,,,+,+,+,orange progress bar center small
[M:NEW],0x0000,0xA079,0x00100000,,0x0000,0xC077,0x00000000,,+,+,+,"""New"" Icon"
[M:OP00],0x0000,0xA0CC,0x00100000,,0x0000,0xC0C6,0x00000000,,,,,left arrow bar (blue)
[M:OP01],0x0000,0xA0CD,0x00100000,,0x0000,0xC0C7,0x00000000,,,,,right arrow bar (blue)
[M:OP02],0x0000,0xA0CE,0x00100000,,0x0000,0xC0C8,0x00000000,,,,,up arrow bar (blue)
[M:OP03],0x0000,0xA0CF,0x00100000,,0x0000,0xC0C9,0x00000000,,,,,down arrow bar (blue)
[M:OP00ACT],0x0000,0xA0DA,0x00100000,,0x0000,0xC0CA,0x00000000,,,,,left arrow bar (gold)
[M:OP01ACT],0x0000,0xA0DB,0x00100000,,0x0000,0xC0CB,0x00000000,,,,,right arrow bar (gold)
[M:OP02ACT],0x0000,0xA0DC,0x00100000,,0x0000,0xC0CC,0x00000000,,,,,up arrow bar (gold)
[M:OP03ACT],0x0000,0xA0DD,0x00100000,,0x0000,0xC0CD,0x00000000,,,,,down arrow bar (gold)
[M:OPEN],0x0000,0xA06C,0x00100000,,,,,,+,+,+,open yellow padlock
[M:ORB],0x0000,0xA06E,0x00100000,,,,,,+,+,+,blue book/ticket with exclamation
[M:PIOFF],0x0000,0xA080,0x00100000,,0x0000,0xC07E,0x00000000,,+,+,+,water drop icon
[M:PION],0x0000,0xA081,0x00100000,,0x0000,0xC07F,0x00000000,,+,+,+,flames icon
[M:P01OFF],,,,,0x0000,0xC06C,0x00000000,,,,,
[M:P01ON],,,,,0x0000,0xC068,0x00000000,,,,,
[M:P02OFF],,,,,0x0000,0xC06D,0x00000000,,,,,
[M:P02ON],,,,,0x0000,0xC069,0x00000000,,,,,
[M:P03OFF],,,,,0x0000,0xC06E,0x00000000,,,,,
[M:P03ON],,,,,0x0000,0xC06A,0x00000000,,,,,
[M:P04OFF],,,,,0x0000,0xC06F,0x00000000,,,,,
[M:P04ON],,,,,0x0000,0xC06B,0x00000000,,,,,
[M:PRESENT],0x0000,0xA105,0x00100000,,,,,,+,+,+,pink gift box
[M:Q00],0x0000,0xA0C9,0x00100000,,0x0000,0xC093,0x00000000,,+,+,+,blue checked check box
[M:Q01],0x0000,0xA0CB,0x00100000,,0x0000,0xC095,0x00000000,,+,+,+,red gear
[M:Q02],0x0000,0xA090,0x00080000,,0x0000,0xC082,0x00000000,,+,+,+,small gold star
[M:Q03],,,,,0x0000,0xC0F9,0x00000000,,,,,
[M:Q04],0x0000,0xA107,0x00100000,,0x0000,0xC0FA,0x00000000,,+,+,+,blue/red infinity symbol
[M:Q05],0x0000,0xA0C8,0x00100000,,0x0000,0xC092,0x00000000,,+,+,+,blue unchecked check box
[M:Q06],0x0000,0xA0CA,0x00100000,,0x0000,0xC094,0x00000000,,+,+,+,blue gear
[M:QCONTINUE],0x0000,0xA070,0x00100000,,,,,,+,+,+,white dot in blue circle
[M:QDSTAR],0x0000,0xA0C4,0x00100000,,0x0000,0xC08E,0x00000000,,+,+,+,gold star
[M:QNEW],0x0000,0xA06F,0x00100000,,,,,,+,+,+,white '!' in red circle
[M:QPRESENT],0x0000,0xA071,0x00100000,,,,,,+,+,+,white check in green circle
[M:RECOMMEN],0x0000,0xA10A,0x00100000,,,,,,+,+,+,target icon (very effective)
[M:RECYCLE],0x0000,0xA07D,0x00100000,,0x0000,0xC07B,0x00000000,,+,+,+,2 arrow recycle symbol
[M:REFIN],0x0000,0xA0C2,0x00100000,,,,,,+,+,+,green corner cut icon
[M:RIBBON],0x0000,0xA0A1,0x00100000,,,,,,+,+,+,Scarf/Ribbon
[M:S01],0x0000,0xA08E,0x00080000,,0x0000,0xC080,0x00000000,,+,+,+,big red '!'
[M:SEAL01],0x0000,0xA042,0x00100000,,,,,,+,+,+,Emera Icon 1
[M:SEAL02],0x0000,0xA043,0x00100000,,,,,,+,+,+,Emera Icon 2
[M:SEAL03],0x0000,0xA044,0x00100000,,,,,,+,+,+,Emera Icon 3
[M:SEAL04],0x0000,0xA045,0x00100000,,,,,,+,+,+,Emera Icon 4
[M:SEAL05],0x0000,0xA046,0x00100000,,,,,,+,+,+,Emera Icon 5
[M:SEAL06],0x0000,0xA047,0x00100000,,,,,,+,+,+,Emera Icon 6
[M:SHUFFLE],0x0000,0xA02D,0x00100000,,,,,,+,+,+,audio player shuffle
[M:SPACEG],0x0000,0xA0D9,0x00100000,,0x0000,0xC0D6,0x00000000,,+,+,+,gray spacebar icon
[M:SPACE],0x0000,0xA0D8,0x00100000,,0x0000,0xC0D5,0x00000000,,+,+,+,spacebar icon (square bracket on its side)
[M:STICKET],0x0000,0xA102,0x00100000,,,,,,+,+,+,bronze crown
[M:SUPER],0x0000,0xA033,0x00100000,,,,,,+,+,+,double orange up arrow
[M:T00],0x0000,0xA000,0x00100000,,0x0000,0xC000,0x00000000,,+,+,+,
[M:TBUG],0x0000,0xA062,0x00100000,,0x0000,0xC05D,0x00000000,,+,+,+,
[M:TDARK],0x0000,0xA06A,0x00100000,,0x0000,0xC065,0x00000000,,+,+,+,
[M:TDRAGON],0x0000,0xA069,0x00100000,,0x0000,0xC064,0x00000000,,+,+,+,
[M:TELECTRIC],0x0000,0xA056,0x00100000,,0x0000,0xC059,0x00000000,,+,+,+,
[M:TFAIRY],0x0000,0xA05A,0x00100000,,,,,,+,+,+,
[M:TFIGHTING],0x0000,0xA065,0x00100000,,0x0000,0xC060,0x00000000,,+,+,+,
[M:TFIRE],0x0000,0xA053,0x00100000,,0x0000,0xC056,0x00000000,,+,+,+,
[M:TFLYING],0x0000,0xA058,0x00100000,,0x0000,0xC05B,0x00000000,,+,+,+,
[M:TGHOST],0x0000,0xA064,0x00100000,,0x0000,0xC05F,0x00000000,,+,+,+,
[M:TGRASS],0x0000,0xA054,0x00100000,,0x0000,0xC057,0x00000000,,+,+,+,
[M:TGROUND],0x0000,0xA057,0x00100000,,0x0000,0xC05A,0x00000000,,+,+,+,
[M:TICE],0x0000,0xA067,0x00100000,,0x0000,0xC062,0x00000000,,+,+,+,
[M:TNORMAL],0x0000,0xA052,0x00100000,,0x0000,0xC055,0x00000000,,+,+,+,
[M:TPOISON],0x0000,0xA066,0x00100000,,0x0000,0xC061,0x00000000,,+,+,+,
[M:TPSYCHIC],0x0000,0xA059,0x00100000,,0x0000,0xC05C,0x00000000,,+,+,+,
[M:TROCK],0x0000,0xA063,0x00100000,,0x0000,0xC05E,0x00000000,,+,+,+,
[M:TSTEEL],0x0000,0xA068,0x00100000,,0x0000,0xC063,0x00000000,,+,+,+,
[M:TWATER],0x0000,0xA055,0x00100000,,0x0000,0xC058,0x00000000,,+,+,+,
[M:TNONE],,,,,,,,,0x0000,0xA074,0x00100000,
[M:TICKET],0x0000,0xA08C,0x00100000,,,,,,+,+,+,blue ticket
[M:TUBO],0x0000,0xA048,0x00100000,,,,,,+,+,+,odd reddish face
[M:UNUSED],0x0000,0xA10C,0x00100000,,0x0000,0xC0FE,0x00000000,,+,+,+,red Japanese char in yellow block
[M:UP],,,,,0x0000,0xC079,0x00000000,,,,,
[M:V0],0x0000,0xA0E3,0x00080000,,0x0000,0xC0D9,0x00000000,,+,+,+,small number 0
[M:V1],0x0000,0xA0E4,0x00080000,,0x0000,0xC0DA,0x00000000,,+,+,+,small number 1
[M:V2],0x0000,0xA0E5,0x00080000,,0x0000,0xC0DB,0x00000000,,+,+,+,small number 2
[M:V3],0x0000,0xA0E6,0x00080000,,0x0000,0xC0DC,0x00000000,,+,+,+,small number 3
[M:V4],0x0000,0xA0E7,0x00080000,,0x0000,0xC0DD,0x00000000,,+,+,+,small number 4
[M:V5],0x0000,0xA0E8,0x00080000,,0x0000,0xC0DE,0x00000000,,+,+,+,small number 5
[M:V6],0x0000,0xA0E9,0x00080000,,0x0000,0xC0DF,0x00000000,,+,+,+,small number 6
[M:V7],0x0000,0xA0EA,0x00080000,,0x0000,0xC0E0,0x00000000,,+,+,+,small number 7
[M:V8],0x0000,0xA0EB,0x00080000,,0x0000,0xC0E1,0x00000000,,+,+,+,small number 8
[M:V9],0x0000,0xA0EC,0x00080000,,0x0000,0xC0E2,0x00000000,,+,+,+,small number 9
[M:VAS],0x0000,0xA0F3,0x00040000,,0x0000,0xC0E9,0x00000000,,+,+,+,small backward 'k'
[M:VBRE],0x0000,0xA0F9,0x00080000,,0x0000,0xC0EF,0x00000000,,+,+,+,small ')'
[M:VBRS],0x0000,0xA0F8,0x00080000,,0x0000,0xC0EE,0x00000000,,+,+,+,small '('
[M:VCLN],0x0000,0xA0F7,0x00080000,,0x0000,0xC0ED,0x00000000,,+,+,+,small ':'
[M:VCN],0x0000,0xA0F2,0x00040000,,0x0000,0xC0E8,0x00000000,,+,+,+,"small ','"
[M:VCRS],0x0000,0xA0EE,0x00080000,,0x0000,0xC0E4,0x00000000,,+,+,+,small 'x' (multiply)
[M:VHP],0x0000,0xA0F5,0x00100000,,0x0000,0xC0EB,0x00000000,,+,+,+,"small text ""HP"""
[M:VHS],0x0000,0xA0E1,0x00040000,,0x0000,0xC0D7,0x00000000,,+,+,+,1x space
[M:VLV],0x0000,0xA0F4,0x00100000,,0x0000,0xC0EA,0x00000000,,+,+,+,"small text ""Lv."""
[M:VMN],0x0000,0xA0F0,0x00080000,,0x0000,0xC0E6,0x00000000,,+,+,+,small '-'
[M:VPL],0x0000,0xA0EF,0x00080000,,0x0000,0xC0E5,0x00000000,,+,+,+,small '+'
[M:VPP],0x0000,0xA0F6,0x00100000,,0x0000,0xC0EC,0x00000000,,+,+,+,"small text ""PP"""
[M:VPR],0x0000,0xA0F1,0x00080000,,0x0000,0xC0E7,0x00000000,,+,+,+,small '.'
[M:VSL],0x0000,0xA0ED,0x00080000,,0x0000,0xC0E3,0x00000000,,+,+,+,small '/'
[M:VWV],0x0000,0xA07E,0x00100000,,0x0000,0xC07C,0x00000000,,+,+,+,v-wave up arrow
[M:VZS],0x0000,0xA0E2,0x00080000,,0x0000,0xC0D8,0x00000000,,+,+,+,1.5x space
[M:WAKU0],0x0000,0xA051,0x00100000,,,,,,+,+,+,Gold crown
[M:WAKU1],0x0000,0xA104,0x00100000,,,,,,+,+,+,banana?
[M:WAKU2],0x0000,0xA0FE,0x00100000,,,,,,+,+,+,silver fancy square
[M:WAKU3],0x0000,0xA007,0x00100000,,,,,,+,+,+,gold fancy square
[M:WAKU4],0x0000,0xA050,0x00100000,,,,,,+,+,+,dark gray crown
[M:WAZABIG],0x0000,0xA103,0x00100000,,,,,,+,+,+,large hit move icon (3x3 grid
[M:WC01],0x0000,0xA082,0x00100000,,0x0000,0xC085,0x00000000,,+,+,+,Move level numeral icons 1
[M:WC02],0x0000,0xA083,0x00100000,,0x0000,0xC086,0x00000000,,+,+,+,Move level numeral icons 2
[M:WC03],0x0000,0xA084,0x00100000,,0x0000,0xC087,0x00000000,,+,+,+,Move level numeral icons 3
[M:WC04],0x0000,0xA085,0x00100000,,0x0000,0xC088,0x00000000,,+,+,+,Move level numeral icons 4
[M:WC05],0x0000,0xA086,0x00100000,,0x0000,0xC089,0x00000000,,+,+,+,Move level numeral icons 5
[M:WC06],0x0000,0xA087,0x00100000,,0x0000,0xC08A,0x00000000,,+,+,+,Move level numeral icons 6
[M:WC07],0x0000,0xA088,0x00100000,,0x0000,0xC08B,0x00000000,,+,+,+,Move level numeral icons 7
[M:WC08],0x0000,0xA089,0x00100000,,0x0000,0xC08C,0x00000000,,+,+,+,Move level numeral icons 8
[M:WC09],0x0000,0xA0C3,0x00100000,,0x0000,0xC08D,0x00000000,,+,+,+,gold star
[M:WE00],0x0000,0xA093,0x00100000,,0x0000,0xC096,0x00000000,,+,+,+,
[M:WE01],0x0000,0xA094,0x00100000,,0x0000,0xC097,0x00000000,,+,+,+,
[M:WE02],0x0000,0xA095,0x00100000,,0x0000,0xC098,0x00000000,,+,+,+,
[M:WE03],0x0000,0xA096,0x00100000,,0x0000,0xC099,0x00000000,,+,+,+,
[M:WE04],0x0000,0xA097,0x00100000,,0x0000,0xC09A,0x00000000,,+,+,+,
[M:WE05],0x0000,0xA098,0x00100000,,0x0000,0xC09B,0x00000000,,+,+,+,
[M:WE06],0x0000,0xA099,0x00100000,,0x0000,0xC09C,0x00000000,,+,+,+,
[M:WE07],0x0000,0xA09A,0x00100000,,0x0000,0xC09D,0x00000000,,+,+,+,
[M:WE08],0x0000,0xA0A3,0x00100000,,0x0000,0xC09E,0x00000000,,+,+,+,
[M:WE09],0x0000,0xA0A4,0x00100000,,0x0000,0xC09F,0x00000000,,+,+,+,
[M:WE10],0x0000,0xA0A5,0x00100000,,0x0000,0xC0A0,0x00000000,,+,+,+,
[M:WE11],0x0000,0xA0A6,0x00100000,,0x0000,0xC0A1,0x00000000,,+,+,+,
[M:WE12],0x0000,0xA0A7,0x00100000,,0x0000,0xC0A2,0x00000000,,+,+,+,
[M:WE13],0x0000,0xA0A8,0x00100000,,0x0000,0xC0A3,0x00000000,,+,+,+,
[M:WE14],0x0000,0xA0A9,0x00100000,,0x0000,0xC0A4,0x00000000,,+,+,+,
[M:WE15],0x0000,0xA0AA,0x00100000,,0x0000,0xC0A5,0x00000000,,+,+,+,
[M:WE16],0x0000,0xA0B3,0x00100000,,0x0000,0xC0A6,0x00000000,,+,+,+,
[M:WE17],0x0000,0xA0B4,0x00100000,,0x0000,0xC0A7,0x00000000,,+,+,+,
[M:WE18],0x0000,0xA0B5,0x00100000,,0x0000,0xC0A8,0x00000000,,+,+,+,
[M:WE19],0x0000,0xA0B6,0x00100000,,0x0000,0xC0A9,0x00000000,,+,+,+,
[M:WE20],0x0000,0xA0B7,0x00100000,,0x0000,0xC0AA,0x00000000,,+,+,+,
[M:WE21],0x0000,0xA0B8,0x00100000,,0x0000,0xC0AB,0x00000000,,+,+,+,
[M:WE22],0x0000,0xA0B9,0x00100000,,0x0000,0xC0AC,0x00000000,,+,+,+,
[M:WE23],0x0000,0xA0BA,0x00100000,,0x0000,0xC0AD,0x00000000,,+,+,+,
[M:WE],0x0000,0xA0C6,0x00100000,,0x0000,0xC090,0x00000000,,+,+,+,bronze star
[M:WN],0x0000,0xA0C5,0x00100000,,0x0000,0xC08F,0x00000000,,+,+,+,Silver star
[M:WS],0x0000,0xA0C7,0x00100000,,0x0000,0xC091,0x00000000,,+,+,+,empty star
[M:WZMAX],0x0000,0xA106,0x00100000,,,,,,+,+,+,three gold stars over gold bar
